{"version": "1", "message": "ERROR: Hidden Testcases server unreachable.", "problem_id": "ADS-1 remedial-2", "user_id": "riteshmsit", "score": {"sample": {"0": {"execution_time": 0.5920312404632568, "passed": false}, "1": {"execution_time": 0.5448181629180908, "passed": false}, "2": {"execution_time": 0.5461547374725342, "passed": false}, "3": {"execution_time": 0.5634231567382812, "passed": false}, "4": {"execution_time": 0.5829033851623535, "passed": false}, "5": {"execution_time": 0.5469510555267334, "passed": false}, "6": {"execution_time": 0.6017417907714844, "passed": false}, "7": {"execution_time": 0.5420351028442383, "passed": false}, "8": {"execution_time": 0.49668169021606445, "passed": false}, "9": {"execution_time": 0.48098325729370117, "passed": false}}}, "check_style_score": "0/1"}