{"version": "1", "message": "ERROR: Hidden Testcases server unreachable.", "problem_id": "ADS-1 remedial-2", "user_id": "riteshmsit", "score": {"sample": {"0": {"execution_time": 0.5993843078613281, "passed": false}, "1": {"execution_time": 0.5540120601654053, "passed": false}, "2": {"execution_time": 0.5012669563293457, "passed": false}, "3": {"execution_time": 0.5742366313934326, "passed": false}, "4": {"execution_time": 0.4987642765045166, "passed": false}, "5": {"execution_time": 0.5188825130462646, "passed": false}, "6": {"execution_time": 0.5298871994018555, "passed": false}, "7": {"execution_time": 0.6374986171722412, "passed": false}, "8": {"execution_time": 0.4068758487701416, "passed": false}, "9": {"execution_time": 0.5043244361877441, "passed": false}}}, "check_style_score": "0/1"}