{"version": "1", "message": "ERROR: Hidden Testcases server unreachable.", "problem_id": "ADS-1 remedial-2", "user_id": "riteshmsit", "score": {"sample": {"0": {"execution_time": 0.3151133060455322, "passed": false}, "1": {"execution_time": 0.37012362480163574, "passed": false}, "2": {"execution_time": 0.36220812797546387, "passed": false}, "3": {"execution_time": 0.3275794982910156, "passed": false}, "4": {"execution_time": 0.2558281421661377, "passed": false}, "5": {"execution_time": 0.2702493667602539, "passed": false}, "6": {"execution_time": 0.25937891006469727, "passed": false}, "7": {"execution_time": 0.3166635036468506, "passed": false}, "8": {"execution_time": 0.3452730178833008, "passed": false}, "9": {"execution_time": 0.2298121452331543, "passed": true}}}, "check_style_score": "0/1"}