{"version": "1", "message": "ERROR: Hidden Testcases server unreachable.", "problem_id": "ADS-1 remedial-2", "user_id": "riteshmsit", "score": {"sample": {"0": {"execution_time": 0.24052095413208008, "passed": false}, "1": {"execution_time": 0.23508048057556152, "passed": false}, "2": {"execution_time": 0.26564908027648926, "passed": false}, "3": {"execution_time": 0.2852299213409424, "passed": false}, "4": {"execution_time": 0.29426097869873047, "passed": false}, "5": {"execution_time": 0.35426783561706543, "passed": false}, "6": {"execution_time": 0.3408956527709961, "passed": false}, "7": {"execution_time": 0.25819993019104004, "passed": false}, "8": {"execution_time": 0.2337498664855957, "passed": false}, "9": {"execution_time": 0.2325427532196045, "passed": true}}}, "check_style_score": "0/1"}