{"version": "1", "message": "ERROR: Hidden Testcases server unreachable.", "problem_id": "ADS-1 remedial-2", "user_id": "riteshmsit", "score": {"sample": {"0": {"execution_time": 0.37596988677978516, "passed": false}, "1": {"execution_time": 0.32812047004699707, "passed": false}, "2": {"execution_time": 0.30119991302490234, "passed": false}, "3": {"execution_time": 0.3107588291168213, "passed": false}, "4": {"execution_time": 1.5170016288757324, "passed": false}, "5": {"execution_time": 0.41355323791503906, "passed": false}, "6": {"execution_time": 0.3040652275085449, "passed": false}, "7": {"execution_time": 0.3750317096710205, "passed": false}, "8": {"execution_time": 1.675551414489746, "passed": false}, "9": {"execution_time": 0.23935961723327637, "passed": false}}}, "check_style_score": "0/1"}