{"version": "1", "message": "ERROR: Hidden Testcases server unreachable.", "problem_id": "ADS-1 remedial-2", "user_id": "riteshmsit", "score": {"sample": {"0": {"execution_time": 0.3056511878967285, "passed": false}, "1": {"execution_time": 0.3717072010040283, "passed": false}, "2": {"execution_time": 0.24910259246826172, "passed": false}, "3": {"execution_time": 0.31185317039489746, "passed": false}, "4": {"execution_time": 0.4070775508880615, "passed": false}, "5": {"execution_time": 0.28816890716552734, "passed": false}, "6": {"execution_time": 0.3281400203704834, "passed": false}, "7": {"execution_time": 0.270780086517334, "passed": false}, "8": {"execution_time": 0.2688636779785156, "passed": false}, "9": {"execution_time": 0.2791306972503662, "passed": false}}}, "check_style_score": "0/1"}