{"version": "1", "message": "ERROR: Hidden Testcases server unreachable.", "problem_id": "ADS-1 remedial-2", "user_id": "riteshmsit", "score": {"sample": {"0": {"execution_time": 0.3670222759246826, "passed": false}, "1": {"execution_time": 0.26316308975219727, "passed": false}, "2": {"execution_time": 0.2733733654022217, "passed": false}, "3": {"execution_time": 0.26630401611328125, "passed": false}, "4": {"execution_time": 0.2627427577972412, "passed": false}, "5": {"execution_time": 0.2754945755004883, "passed": false}, "6": {"execution_time": 0.2657618522644043, "passed": false}, "7": {"execution_time": 0.2645888328552246, "passed": false}, "8": {"execution_time": 0.32773280143737793, "passed": false}, "9": {"execution_time": 0.27051830291748047, "passed": true}}}, "check_style_score": "0/1"}