{"version": "1", "message": "ERROR: Hidden Testcases server unreachable.", "problem_id": "ADS-1 remedial-2", "user_id": "riteshmsit", "score": {"sample": {"0": {"execution_time": 0.24638056755065918, "passed": false}, "1": {"execution_time": 0.25048303604125977, "passed": false}, "2": {"execution_time": 0.29599666595458984, "passed": false}, "3": {"execution_time": 0.3130970001220703, "passed": false}, "4": {"execution_time": 0.2555713653564453, "passed": false}, "5": {"execution_time": 0.23567962646484375, "passed": false}, "6": {"execution_time": 0.31116724014282227, "passed": false}, "7": {"execution_time": 0.31836533546447754, "passed": false}, "8": {"execution_time": 0.3027067184448242, "passed": false}, "9": {"execution_time": 0.3586466312408447, "passed": true}}}, "check_style_score": "0/1"}