{"version": "1", "message": "ERROR: Hidden Testcases server unreachable.", "problem_id": "ADS-1 remedial-2", "user_id": "riteshmsit", "score": {"sample": {"0": {"execution_time": 0.4480743408203125, "passed": false}, "1": {"execution_time": 0.2905426025390625, "passed": false}, "2": {"execution_time": 0.26163625717163086, "passed": false}, "3": {"execution_time": 0.2708098888397217, "passed": false}, "4": {"execution_time": 0.30077242851257324, "passed": false}, "5": {"execution_time": 0.3001856803894043, "passed": false}, "6": {"execution_time": 0.360123872756958, "passed": false}, "7": {"execution_time": 0.33256030082702637, "passed": false}, "8": {"execution_time": 0.27631139755249023, "passed": false}, "9": {"execution_time": 0.2366807460784912, "passed": true}}}, "check_style_score": "0/1"}