{"version": "1", "message": "ERROR: Hidden Testcases server unreachable.", "problem_id": "ADS-1 remedial-2", "user_id": "riteshmsit", "score": {"sample": {"0": {"execution_time": 0.26044321060180664, "passed": false}, "1": {"execution_time": 0.43831491470336914, "passed": false}, "2": {"execution_time": 0.24036788940429688, "passed": false}, "3": {"execution_time": 0.2979543209075928, "passed": false}, "4": {"execution_time": 0.23413729667663574, "passed": false}, "5": {"execution_time": 0.23643279075622559, "passed": false}, "6": {"execution_time": 0.24719953536987305, "passed": false}, "7": {"execution_time": 0.24531030654907227, "passed": false}, "8": {"execution_time": 0.23859190940856934, "passed": false}, "9": {"execution_time": 0.24458909034729004, "passed": true}}}, "check_style_score": "0/1"}