{"version": "1", "message": "ERROR: Hidden Testcases server unreachable.", "problem_id": "ADS-1 remedial-2", "user_id": "riteshmsit", "score": {"sample": {"0": {"execution_time": 0.24710988998413086, "passed": false}, "1": {"execution_time": 0.2553255558013916, "passed": false}, "2": {"execution_time": 0.2554323673248291, "passed": false}, "3": {"execution_time": 0.2543785572052002, "passed": false}, "4": {"execution_time": 0.2748134136199951, "passed": false}, "5": {"execution_time": 0.2847423553466797, "passed": false}, "6": {"execution_time": 0.2435290813446045, "passed": false}, "7": {"execution_time": 0.2309861183166504, "passed": false}, "8": {"execution_time": 0.22978854179382324, "passed": false}, "9": {"execution_time": 0.19748663902282715, "passed": false}}}, "check_style_score": "0/1"}