{"version": "1", "message": "ERROR: Hidden Testcases server unreachable.", "problem_id": "ADS-1 remedial-2", "user_id": "riteshmsit", "score": {"sample": {"0": {"execution_time": 0.2447347640991211, "passed": true}, "1": {"execution_time": 0.2631239891052246, "passed": true}, "2": {"execution_time": 0.2557647228240967, "passed": true}, "3": {"execution_time": 0.25296592712402344, "passed": true}, "4": {"execution_time": 0.25615978240966797, "passed": true}, "5": {"execution_time": 0.25038599967956543, "passed": true}, "6": {"execution_time": 0.2860276699066162, "passed": true}, "7": {"execution_time": 0.21735763549804688, "passed": true}, "8": {"execution_time": 0.24898695945739746, "passed": true}, "9": {"execution_time": 0.27398037910461426, "passed": false}}}, "check_style_score": "0/1"}