{"version": "1", "message": "ERROR: Hidden Testcases server unreachable.", "problem_id": "ADS-1 remedial-2", "user_id": "riteshmsit", "score": {"sample": {"0": {"execution_time": 0.9789659976959229, "passed": false}, "1": {"execution_time": 0.28243041038513184, "passed": false}, "2": {"execution_time": 0.4558446407318115, "passed": false}, "3": {"execution_time": 0.26178765296936035, "passed": false}, "4": {"execution_time": 0.2631244659423828, "passed": false}, "5": {"execution_time": 0.23146343231201172, "passed": false}, "6": {"execution_time": 0.27637219429016113, "passed": false}, "7": {"execution_time": 0.28673863410949707, "passed": false}, "8": {"execution_time": 0.275162935256958, "passed": false}, "9": {"execution_time": 0.19735980033874512, "passed": false}}}, "check_style_score": "0/1"}