{"version": "1", "message": "ERROR: Hidden Testcases server unreachable.", "problem_id": "ADS-1 remedial-2", "user_id": "riteshmsit", "score": {"sample": {"0": {"execution_time": 0.2615692615509033, "passed": false}, "1": {"execution_time": 0.25615787506103516, "passed": false}, "2": {"execution_time": 0.22900700569152832, "passed": false}, "3": {"execution_time": 0.23461461067199707, "passed": false}, "4": {"execution_time": 0.22971415519714355, "passed": false}, "5": {"execution_time": 0.27127838134765625, "passed": false}, "6": {"execution_time": 0.2796974182128906, "passed": false}, "7": {"execution_time": 0.2497267723083496, "passed": false}, "8": {"execution_time": 0.2422037124633789, "passed": false}, "9": {"execution_time": 0.21602845191955566, "passed": false}}}, "check_style_score": "0/1"}