{"version": "1", "message": "ERROR: Hidden Testcases server unreachable.", "problem_id": "ADS-1 remedial-2", "user_id": "riteshmsit", "score": {"sample": {"0": {"execution_time": 0.23772311210632324, "passed": false}, "1": {"execution_time": 0.2963261604309082, "passed": false}, "2": {"execution_time": 0.23864245414733887, "passed": false}, "3": {"execution_time": 0.2422502040863037, "passed": false}, "4": {"execution_time": 0.2734668254852295, "passed": false}, "5": {"execution_time": 0.25042295455932617, "passed": false}, "6": {"execution_time": 0.3315911293029785, "passed": false}, "7": {"execution_time": 0.2992842197418213, "passed": false}, "8": {"execution_time": 0.250164270401001, "passed": false}, "9": {"execution_time": 0.24223780632019043, "passed": false}}}, "check_style_score": "0/1"}