{"version": "1", "message": "ERROR: Hidden Testcases server unreachable.", "problem_id": "ADS-1 remedial-2", "user_id": "riteshmsit", "score": {"sample": {"0": {"execution_time": 0.24608397483825684, "passed": false}, "1": {"execution_time": 0.25085997581481934, "passed": false}, "2": {"execution_time": 0.28511857986450195, "passed": false}, "3": {"execution_time": 0.2556278705596924, "passed": false}, "4": {"execution_time": 0.3468480110168457, "passed": false}, "5": {"execution_time": 0.2670464515686035, "passed": false}, "6": {"execution_time": 0.25728774070739746, "passed": false}, "7": {"execution_time": 0.3164327144622803, "passed": false}, "8": {"execution_time": 0.24141597747802734, "passed": false}, "9": {"execution_time": 0.22545123100280762, "passed": false}}}, "check_style_score": "0/1"}