{"version": "1", "message": "ERROR: Hidden Testcases server unreachable.", "problem_id": "ADS-1 remedial-2", "user_id": "riteshmsit", "score": {"sample": {"0": {"execution_time": 0.26012325286865234, "passed": false}, "1": {"execution_time": 0.2388780117034912, "passed": false}, "2": {"execution_time": 0.22835278511047363, "passed": false}, "3": {"execution_time": 0.301891565322876, "passed": false}, "4": {"execution_time": 0.288740873336792, "passed": false}, "5": {"execution_time": 0.31243419647216797, "passed": false}, "6": {"execution_time": 0.2585787773132324, "passed": false}, "7": {"execution_time": 0.27924442291259766, "passed": false}, "8": {"execution_time": 0.29108476638793945, "passed": false}, "9": {"execution_time": 0.2302699089050293, "passed": false}}}, "check_style_score": "0/1"}