{"version": "1", "message": "ERROR: Hidden Testcases server unreachable.", "problem_id": "ADS-1 remedial-2", "user_id": "riteshmsit", "score": {"sample": {"0": {"execution_time": 0.37064576148986816, "passed": false}, "1": {"execution_time": 0.2749488353729248, "passed": false}, "2": {"execution_time": 0.2896289825439453, "passed": false}, "3": {"execution_time": 0.2714223861694336, "passed": false}, "4": {"execution_time": 0.2425062656402588, "passed": false}, "5": {"execution_time": 0.35498619079589844, "passed": false}, "6": {"execution_time": 0.2574639320373535, "passed": false}, "7": {"execution_time": 0.2706925868988037, "passed": false}, "8": {"execution_time": 0.2729365825653076, "passed": false}, "9": {"execution_time": 0.2165389060974121, "passed": false}}}, "check_style_score": "0/1"}