{"version": "1", "message": "ERROR: Hidden Testcases server unreachable.", "problem_id": "ADS-1 remedial-2", "user_id": "riteshmsit", "score": {"sample": {"0": {"execution_time": 0.2516646385192871, "passed": true}, "1": {"execution_time": 0.27057409286499023, "passed": true}, "2": {"execution_time": 0.3129868507385254, "passed": true}, "3": {"execution_time": 0.25788235664367676, "passed": true}, "4": {"execution_time": 0.28875231742858887, "passed": true}, "5": {"execution_time": 0.25003910064697266, "passed": true}, "6": {"execution_time": 0.2595210075378418, "passed": true}, "7": {"execution_time": 0.31373047828674316, "passed": true}, "8": {"execution_time": 0.23573851585388184, "passed": true}, "9": {"execution_time": 0.21109914779663086, "passed": false}}}, "check_style_score": "0/1"}