{"version": "1", "message": "ERROR: Hidden Testcases server unreachable.", "problem_id": "ADS-1 remedial-2", "user_id": "riteshmsit", "score": {"sample": {"0": {"execution_time": 0.23052406311035156, "passed": false}, "1": {"execution_time": 0.22751879692077637, "passed": false}, "2": {"execution_time": 0.24234867095947266, "passed": false}, "3": {"execution_time": 0.24227142333984375, "passed": false}, "4": {"execution_time": 0.26426243782043457, "passed": false}, "5": {"execution_time": 0.2761545181274414, "passed": false}, "6": {"execution_time": 0.21887969970703125, "passed": false}, "7": {"execution_time": 0.2381281852722168, "passed": false}, "8": {"execution_time": 0.2503364086151123, "passed": false}, "9": {"execution_time": 0.26209187507629395, "passed": true}}}, "check_style_score": "0/1"}