{"version": "1", "message": "ERROR: Hidden Testcases server unreachable.", "problem_id": "ADS-1 remedial-2", "user_id": "riteshmsit", "score": {"sample": {"0": {"execution_time": 0.24545669555664062, "passed": true}, "1": {"execution_time": 0.28785014152526855, "passed": true}, "2": {"execution_time": 0.2672126293182373, "passed": true}, "3": {"execution_time": 0.2514162063598633, "passed": true}, "4": {"execution_time": 0.3311798572540283, "passed": true}, "5": {"execution_time": 0.233198881149292, "passed": true}, "6": {"execution_time": 0.26686668395996094, "passed": true}, "7": {"execution_time": 0.2767314910888672, "passed": true}, "8": {"execution_time": 0.24610233306884766, "passed": true}, "9": {"execution_time": 0.22895169258117676, "passed": false}}}, "check_style_score": "0/1"}