{"version": "1", "message": "ERROR: Hidden Testcases server unreachable.", "problem_id": "ADS-1 remedial-2", "user_id": "riteshmsit", "score": {"sample": {"0": {"execution_time": 0.2456972599029541, "passed": false}, "1": {"execution_time": 0.2574043273925781, "passed": false}, "2": {"execution_time": 0.24169278144836426, "passed": false}, "3": {"execution_time": 0.24390745162963867, "passed": false}, "4": {"execution_time": 0.5505969524383545, "passed": false}, "5": {"execution_time": 0.4872000217437744, "passed": false}, "6": {"execution_time": 0.2572016716003418, "passed": false}, "7": {"execution_time": 0.2657918930053711, "passed": false}, "8": {"execution_time": 0.24398136138916016, "passed": false}, "9": {"execution_time": 0.18195819854736328, "passed": false}}}, "check_style_score": "0/1"}