{"version": "1", "message": "ERROR: Hidden Testcases server unreachable.", "problem_id": "ADS-1 remedial-2", "user_id": "riteshmsit", "score": {"sample": {"0": {"execution_time": 0.2661020755767822, "passed": true}, "1": {"execution_time": 0.28046679496765137, "passed": true}, "2": {"execution_time": 0.2805135250091553, "passed": true}, "3": {"execution_time": 0.2625703811645508, "passed": true}, "4": {"execution_time": 0.2843930721282959, "passed": true}, "5": {"execution_time": 0.2532668113708496, "passed": true}, "6": {"execution_time": 0.2411646842956543, "passed": true}, "7": {"execution_time": 0.27930784225463867, "passed": true}, "8": {"execution_time": 0.25293827056884766, "passed": true}, "9": {"execution_time": 0.20797038078308105, "passed": false}}}, "check_style_score": "0/1"}