{"version": "1", "message": "ERROR: Hidden Testcases server unreachable.", "problem_id": "ADS-1 remedial-2", "user_id": "riteshmsit", "score": {"sample": {"0": {"execution_time": 0.24263834953308105, "passed": true}, "1": {"execution_time": 0.22664999961853027, "passed": true}, "2": {"execution_time": 0.2841324806213379, "passed": true}, "3": {"execution_time": 0.24430584907531738, "passed": true}, "4": {"execution_time": 0.26590418815612793, "passed": true}, "5": {"execution_time": 0.2541356086730957, "passed": true}, "6": {"execution_time": 0.2689793109893799, "passed": true}, "7": {"execution_time": 0.24300575256347656, "passed": true}, "8": {"execution_time": 0.24967503547668457, "passed": true}, "9": {"execution_time": 0.23703789710998535, "passed": false}}}, "check_style_score": "0/1"}