{"version": "1", "message": "ERROR: Hidden Testcases server unreachable.", "problem_id": "ADS-1 remedial-2", "user_id": "riteshmsit", "score": {"sample": {"0": {"execution_time": 0.2171010971069336, "passed": false}, "1": {"execution_time": 0.2791159152984619, "passed": false}, "2": {"execution_time": 0.3275277614593506, "passed": false}, "3": {"execution_time": 0.28963303565979004, "passed": false}, "4": {"execution_time": 0.27350687980651855, "passed": false}, "5": {"execution_time": 0.2817099094390869, "passed": false}, "6": {"execution_time": 0.24254250526428223, "passed": false}, "7": {"execution_time": 0.24087023735046387, "passed": false}, "8": {"execution_time": 0.21682143211364746, "passed": false}, "9": {"execution_time": 0.21639704704284668, "passed": true}}}, "check_style_score": "0/1"}